{"cameraMode":{"drawMode":0,"name":"Shaded","section":"Shading Mode"},"sceneLighting":true,"audioPlay":false,"sceneViewState":{"m_AlwaysRefresh":false,"showFog":true,"showSkybox":true,"showFlares":true,"showImageEffects":true,"showParticleSystems":true,"showVisualEffectGraphs":true,"m_FxEnabled":true},"in2DMode":false,"pivot":{"x":2.5636186599731447,"y":5.886148452758789,"z":-1.2991352081298829},"rotation":{"x":-0.3693445920944214,"y":-0.005020917858928442,"z":0.00199516536667943,"w":-0.9292762875556946},"size":12.12435531616211,"orthographic":false}